extend,len,num,position,std_meet
0.3304474801965168,60.211414980538734,51.0,0.8001345810864823,249.70275648615086
1.034946849096786,711.0700401267832,82.0,0.10922623915804512,289.372859498276
0.20684054220676593,6.185946178360723,4.0,0.6414001491913488,312.8496131114123
1.0,0.0,0.0,0.0,0.0
1.0,0.0,0.0,0.0,0.0
1.0,0.0,0.0,0.0,0.0
