weizhi,type
1.571753887675689,中度断丝
4.0407625255013455,轻度断丝
6.131041284033744,微小断丝
726.3452351767722,正常
726.4001400710993,微小断丝
